{"cameraMode":{"drawMode":0,"name":"Shaded","section":"Shading Mode"},"sceneLighting":false,"audioPlay":false,"sceneViewState":{"showFog":true,"showMaterialUpdate":false,"showSkybox":false,"showFlares":true,"showImageEffects":true,"showParticleSystems":true},"in2DMode":false,"pivot":{"x":0.9914956092834473,"y":-10.520402908325196,"z":3.5816478729248049},"rotation":{"x":0.47768399119377139,"y":-0.4018585979938507,"z":0.26064983010292055,"w":0.7364717125892639},"size":11.764792442321778,"orthographic":false}